City_ID,City,Lat,Lng,Max Temp,Humidity,Cloudiness,Wind Speed,Country,Date
0,Ancud,-41.8697,-73.8203,51.49,98,100,19.33,CL,2022-10-07 04:44:31
1,Namatanai,-3.6667,152.4333,85.51,58,100,11.61,PG,2022-10-07 04:44:31
2,Luderitz,-26.6481,15.1594,59.02,52,19,16.42,NA,2022-10-07 04:44:32
3,Qaanaaq,77.484,-69.3632,13.64,82,100,7.38,GL,2022-10-07 04:44:32
4,Tasiilaq,65.6145,-37.6368,33.96,69,10,4.43,GL,2022-10-07 04:43:20
5,Sao Joao Da Barra,-21.6403,-41.0511,72.09,90,76,15.01,BR,2022-10-07 04:44:33
6,Norman Wells,65.282,-126.8329,37.44,75,20,2.3,CA,2022-10-07 04:42:21
7,Rikitea,-23.1203,-134.9692,70.29,71,13,22.84,PF,2022-10-07 04:43:16
8,Darhan,49.4867,105.9228,42.26,44,100,20.58,MN,2022-10-07 04:44:34
9,Bengkulu,-3.8004,102.2655,78.06,72,100,3.65,ID,2022-10-07 04:44:34
10,Conde,-7.2597,-34.9075,74.66,100,75,3.44,BR,2022-10-07 04:44:35
11,Santiago Del Estero,-27.7951,-64.2615,62.6,55,3,6.62,AR,2022-10-07 04:42:40
12,Krasnaya Gora,52.9995,31.6023,44.37,96,0,6.91,RU,2022-10-07 04:44:35
13,Jalu,29.0331,21.5482,64.54,65,0,7.52,LY,2022-10-07 04:44:36
14,Hermanus,-34.4187,19.2345,47.8,76,4,5.84,ZA,2022-10-07 04:44:36
15,Baghdad,33.3406,44.4009,71.51,33,0,5.75,IQ,2022-10-07 04:40:26
16,Torbay,47.6666,-52.7314,53.76,97,100,5.01,CA,2022-10-07 04:44:37
17,Kwekwe,-18.9281,29.8149,67.68,37,0,7.16,ZW,2022-10-07 04:44:37
18,Severo-Kurilsk,50.6789,156.125,44.96,61,53,15.05,RU,2022-10-07 04:43:12
19,Carnarvon,-24.8667,113.6333,73.18,35,0,20.89,AU,2022-10-07 04:44:38
20,Raudeberg,61.9875,5.1352,52.47,1,100,20.62,NO,2022-10-07 04:44:38
21,Puerto Carreno,6.189,-67.4859,75.02,91,93,5.73,CO,2022-10-07 04:44:39
22,Jibuti,11.5,42.5,80.6,56,22,7.78,DJ,2022-10-07 04:44:39
23,Saldanha,-33.0117,17.9442,46.45,72,0,13.09,ZA,2022-10-07 04:44:39
24,Yar-Sale,66.8333,70.8333,38.1,98,100,9.71,RU,2022-10-07 04:44:40
25,Hondo,32.45,130.2,65.91,73,100,14.34,JP,2022-10-07 04:44:40
26,Punta Arenas,-53.15,-70.9167,41.11,70,100,16.11,CL,2022-10-07 04:43:13
27,Jishou,28.3167,109.7167,55.15,82,100,2.86,CN,2022-10-07 04:44:41
28,Patos,-7.0244,-37.28,74.7,74,19,4.34,BR,2022-10-07 04:42:02
29,Thompson,55.7435,-97.8558,30.36,69,0,9.22,CA,2022-10-07 04:44:41
30,Santa Cruz De La Palma,28.6835,-17.7642,73.54,73,20,20.71,ES,2022-10-07 04:44:42
31,Iqaluit,63.7506,-68.5145,24.53,85,75,10.36,CA,2022-10-07 04:44:42
32,San Patricio,28.017,-97.5169,82.26,68,100,7.58,US,2022-10-07 04:44:43
33,Kapaa,22.0752,-159.319,80.58,74,20,11.5,US,2022-10-07 04:42:07
34,Albany,42.6001,-73.9662,57.88,92,100,2.42,US,2022-10-07 04:43:14
35,Hobart,-42.8794,147.3294,65.05,79,75,5.75,AU,2022-10-07 04:44:00
36,Ribeira Grande,38.5167,-28.7,71.33,85,82,12.35,PT,2022-10-07 04:44:44
37,Leningradskiy,69.3833,178.4167,28.49,90,100,32.1,RU,2022-10-07 04:44:44
38,Ilebo,-4.3167,20.5833,70.36,96,100,2.24,CD,2022-10-07 04:44:45
39,La Ronge,55.1001,-105.2842,39.45,56,20,8.05,CA,2022-10-07 04:44:45
40,Ayolas,-27.4,-56.9,57.49,94,91,5.5,PY,2022-10-07 04:44:46
41,Faanui,-16.4833,-151.75,78.3,77,15,23.26,PF,2022-10-07 04:44:46
42,Busselton,-33.65,115.3333,59.07,56,70,8.03,AU,2022-10-07 04:43:19
43,Singkang,2.1006,102.7994,82.99,72,97,6.73,MY,2022-10-07 04:44:47
44,Hilo,19.7297,-155.09,80.28,78,100,5.75,US,2022-10-07 04:43:23
45,Yellowknife,62.456,-114.3525,36.12,75,0,2.3,CA,2022-10-07 04:44:47
46,Nyrob,60.733,56.7202,43.92,93,100,5.17,RU,2022-10-07 04:44:48
47,Abha,18.2164,42.5053,64.65,30,0,0.0,SA,2022-10-07 04:44:49
48,Abbeville,50.1,1.8333,49.96,80,26,6.73,FR,2022-10-07 04:44:49
49,Atuona,-9.8,-139.0333,77.45,75,5,20.67,PF,2022-10-07 04:43:22
50,Magistralnyy,56.1725,107.4458,36.55,71,100,7.16,RU,2022-10-07 04:44:50
51,Saint-Philippe,-21.3585,55.7679,76.59,70,36,14.52,RE,2022-10-07 04:44:50
52,Beringovskiy,63.05,179.3167,38.39,59,3,18.01,RU,2022-10-07 04:44:51
53,Puerto Ayora,-0.7393,-90.3518,65.55,95,73,1.99,EC,2022-10-07 04:44:51
54,Vaini,-21.2,-175.2,80.76,83,75,11.5,TO,2022-10-07 04:43:11
55,Rockingham,42.9668,-71.0995,57.97,89,69,3.76,US,2022-10-07 04:44:52
56,Lebu,-37.6167,-73.65,53.35,97,100,9.04,CL,2022-10-07 04:44:52
57,Danilov,58.1908,40.1717,48.96,83,48,11.16,RU,2022-10-07 04:44:52
58,Andover,51.2083,-1.4825,56.52,98,75,8.05,GB,2022-10-07 04:41:31
59,Viedma,-40.8135,-62.9967,49.42,48,50,11.12,AR,2022-10-07 04:44:53
60,Warri,5.5167,5.75,73.22,95,100,4.65,NG,2022-10-07 04:44:53
61,Avarua,-21.2078,-159.775,77.05,65,20,10.36,CK,2022-10-07 04:41:25
62,Sabancuy,18.9667,-91.1833,79.16,73,97,10.49,MX,2022-10-07 04:44:54
63,Kodiak,57.79,-152.4072,51.31,93,100,10.36,US,2022-10-07 04:43:11
64,Barrow,71.2906,-156.7887,37.42,70,0,27.63,US,2022-10-07 04:44:55
65,Careiro Da Varzea,-3.2003,-59.8119,86.61,57,42,3.15,BR,2022-10-07 04:44:56
66,Lasa,46.6166,10.7002,46.36,78,18,2.42,IT,2022-10-07 04:44:56
67,Khandyga,62.6667,135.6,26.96,50,78,0.74,RU,2022-10-07 04:44:57
68,Talnakh,69.4865,88.3972,29.21,95,100,11.39,RU,2022-10-07 04:44:57
69,Mar Del Plata,-38.0023,-57.5575,50.09,87,0,7.0,AR,2022-10-07 04:44:58
70,Port Alfred,-33.5906,26.891,59.18,86,100,5.01,ZA,2022-10-07 04:40:17
71,Torres,-29.3353,-49.7269,71.83,90,100,5.12,BR,2022-10-07 04:44:58
72,Lumberton,34.6182,-79.0086,62.91,88,0,0.0,US,2022-10-07 04:44:59
73,Dwarka,22.2394,68.9678,82.51,71,100,9.33,IN,2022-10-07 04:44:59
74,Lebyazhye,55.2689,66.4947,51.53,31,100,9.55,RU,2022-10-07 04:45:00
75,Kirensk,57.7853,108.1119,40.17,55,58,3.65,RU,2022-10-07 04:45:01
76,Dunedin,-45.8742,170.5036,48.04,70,4,7.09,NZ,2022-10-07 04:45:01
77,Novobirilyussy,56.9514,90.6661,37.62,72,81,5.08,RU,2022-10-07 04:45:02
78,Berlevag,70.8578,29.0864,44.6,76,75,32.21,NO,2022-10-07 04:45:02
79,Constitucion,-35.3333,-72.4167,52.32,84,9,5.57,CL,2022-10-07 04:45:03
80,Port Jervis,41.3751,-74.6927,59.14,92,100,2.57,US,2022-10-07 04:42:22
81,Mataura,-46.1927,168.8643,54.48,43,6,1.59,NZ,2022-10-07 04:43:23
82,Caravelas,-17.7125,-39.2481,74.16,88,100,7.05,BR,2022-10-07 04:45:04
83,Vanimo,-2.6741,141.3028,84.85,69,98,7.25,PG,2022-10-07 04:43:10
84,Ust-Tsilma,65.441,52.1498,44.87,90,100,11.27,RU,2022-10-07 04:45:04
85,Pisco,-13.7,-76.2167,57.25,88,0,5.75,PE,2022-10-07 04:45:05
86,Roma,43.2128,-75.4557,58.87,97,100,4.61,US,2022-10-07 04:42:29
87,Haines Junction,60.7522,-137.5108,39.15,60,91,1.14,CA,2022-10-07 04:45:06
88,Guerrero Negro,27.9769,-114.0611,69.3,85,8,14.14,MX,2022-10-07 04:45:07
89,Lazaro Cardenas,17.9583,-102.2,77.58,83,93,2.62,MX,2022-10-07 04:45:07
90,Bluff,-46.6,168.3333,54.81,62,12,10.42,NZ,2022-10-07 04:43:24
91,Moose Factory,51.2585,-80.6094,39.2,81,100,12.66,CA,2022-10-07 04:45:08
92,Hsinchu,24.8036,120.9686,84.18,74,47,7.0,TW,2022-10-07 04:45:08
93,Clyde River,70.4692,-68.5914,21.43,86,100,9.22,CA,2022-10-07 04:45:09
94,Paita,-5.0892,-81.1144,62.6,85,9,8.39,PE,2022-10-07 04:45:10
95,Novobiryusinskiy,56.9578,97.7076,37.09,73,97,5.01,RU,2022-10-07 04:45:10
96,Formosa Do Rio Preto,-11.0483,-45.1931,74.89,37,36,2.57,BR,2022-10-07 04:45:11
97,Ushuaia,-54.8,-68.3,42.46,70,75,4.61,AR,2022-10-07 04:43:48
98,Port Elizabeth,-33.918,25.5701,59.31,77,0,19.57,ZA,2022-10-07 04:45:11
99,Aklavik,68.2191,-135.0107,44.4,80,100,8.63,CA,2022-10-07 04:45:12
100,Mahebourg,-20.4081,57.7,75.25,60,20,11.5,MU,2022-10-07 04:43:17
101,Bethel,41.3712,-73.414,59.14,91,0,0.0,US,2022-10-07 04:45:12
102,Arraial Do Cabo,-22.9661,-42.0278,71.15,94,99,26.87,BR,2022-10-07 04:45:13
103,Amahai,-3.3333,128.9167,81.63,78,93,2.26,ID,2022-10-07 04:43:27
104,Santa Isabel,-23.3156,-46.2214,69.1,92,100,3.22,BR,2022-10-07 04:45:13
105,Bredasdorp,-34.5322,20.0403,52.75,82,2,2.37,ZA,2022-10-07 04:45:14
106,Nemuro,43.3236,145.575,51.04,72,100,6.62,JP,2022-10-07 04:45:14
107,Kendari,-3.945,122.4989,85.91,67,100,3.89,ID,2022-10-07 04:45:15
108,Colares,38.7992,-9.4469,68.99,83,33,3.0,PT,2022-10-07 04:45:15
109,Kurilsk,45.2333,147.8833,49.66,48,72,5.57,RU,2022-10-07 04:45:17
110,Upernavik,72.7868,-56.1549,23.29,85,100,1.83,GL,2022-10-07 04:43:15
111,Huarmey,-10.0681,-78.1522,61.47,86,8,7.47,PE,2022-10-07 04:45:18
112,Portland,45.5234,-122.6762,67.86,81,20,1.01,US,2022-10-07 04:41:54
113,Cherskiy,68.75,161.3,20.79,92,98,13.69,RU,2022-10-07 04:45:19
114,Houma,29.5958,-90.7195,69.01,91,0,0.0,US,2022-10-07 04:44:03
115,Birin,26.8865,88.0718,70.61,71,16,5.41,NP,2022-10-07 04:45:19
116,Manta,-0.95,-80.7333,69.58,83,75,9.22,EC,2022-10-07 04:45:20
117,Malanje,-9.5402,16.341,64.49,92,98,1.45,AO,2022-10-07 04:45:20
118,Carutapera,-1.195,-46.02,77.58,82,20,8.28,BR,2022-10-07 04:45:21
119,Jamestown,42.097,-79.2353,60.39,69,100,7.0,US,2022-10-07 04:43:19
120,Nanortalik,60.1432,-45.2371,35.94,82,100,5.5,GL,2022-10-07 04:45:22
121,Castro,-24.7911,-50.0119,62.13,97,100,10.02,BR,2022-10-07 04:45:23
122,Kulhudhuffushi,6.6221,73.07,81.82,73,22,16.96,MV,2022-10-07 04:45:24
123,Mehtar Lam,34.6714,70.2094,79.39,10,0,2.26,AF,2022-10-07 04:45:24
124,Cape Town,-33.9258,18.4232,58.37,78,20,4.0,ZA,2022-10-07 04:43:24
125,Daytona Beach,29.2108,-81.0228,70.09,92,0,5.01,US,2022-10-07 04:45:00
126,Praia,14.9215,-23.5087,79.34,89,97,12.66,CV,2022-10-07 04:45:25
127,Bure,10.7,37.0667,59.47,86,61,1.63,ET,2022-10-07 04:45:26
128,Auki,-8.7676,160.7034,83.23,70,99,2.44,SB,2022-10-07 04:43:24
129,Kaitangata,-46.2817,169.8464,48.54,64,3,5.97,NZ,2022-10-07 04:45:26
130,Port Hedland,-20.3167,118.5667,91.45,33,20,17.27,AU,2022-10-07 04:45:27
131,Atbasar,51.8,68.3333,57.43,22,100,10.6,KZ,2022-10-07 04:41:18
132,Hualmay,-11.0964,-77.6139,60.06,86,6,7.67,PE,2022-10-07 04:45:27
133,Cabo San Lucas,22.8909,-109.9124,83.52,75,18,1.01,MX,2022-10-07 04:45:28
134,Cidreira,-30.1811,-50.2056,64.65,95,100,11.54,BR,2022-10-07 04:45:28
135,Mayo,38.8876,-76.5119,63.12,93,0,1.99,US,2022-10-07 04:45:29
136,Pankrushikha,53.8319,80.3406,48.29,58,100,7.54,RU,2022-10-07 04:45:29
137,Ponta Do Sol,32.6667,-17.1,73.0,65,52,6.2,PT,2022-10-07 04:45:30
138,Yulara,-25.2406,130.9889,78.89,30,9,8.59,AU,2022-10-07 04:43:21
139,Am Timan,11.0297,20.2827,71.15,89,100,1.99,TD,2022-10-07 04:45:31
140,Brae,60.3964,-1.353,50.0,84,78,28.07,GB,2022-10-07 04:45:31
141,Iskateley,67.6803,53.1512,42.89,91,100,17.92,RU,2022-10-07 04:45:32
142,Poya,-21.35,165.15,77.56,66,73,11.21,NC,2022-10-07 04:45:32
143,Yumen,40.2833,97.2,59.58,18,0,21.9,CN,2022-10-07 04:45:32
144,Wuwei,37.9281,102.6414,61.38,27,77,5.68,CN,2022-10-07 04:45:33
145,Georgetown,5.4112,100.3354,86.9,74,20,10.36,MY,2022-10-07 04:44:21
146,Kahului,20.8947,-156.47,80.62,79,40,10.36,US,2022-10-07 04:43:26
147,Lavrentiya,65.5833,-171.0,37.2,73,60,31.68,RU,2022-10-07 04:45:34
148,Severnyy,50.677,36.5532,48.24,93,27,6.71,RU,2022-10-07 04:45:34
149,Flin Flon,54.7682,-101.865,34.11,50,68,9.17,CA,2022-10-07 04:45:35
150,New Norfolk,-42.7826,147.0587,64.71,58,78,7.76,AU,2022-10-07 04:43:14
151,Bonthe,7.5264,-12.505,76.53,88,98,2.91,SL,2022-10-07 04:45:36
152,Isangel,-19.55,169.2667,80.71,83,75,4.61,VU,2022-10-07 04:45:36
153,Cassilandia,-19.1133,-51.7342,68.4,86,99,22.01,BR,2022-10-07 04:45:37
154,Polunochnoye,60.8697,60.4153,42.04,93,100,2.39,RU,2022-10-07 04:45:37
155,Soe,-9.8607,124.284,84.79,43,25,10.31,ID,2022-10-07 04:45:37
156,Maneadero,31.7167,-116.5667,65.1,87,32,5.01,MX,2022-10-07 04:45:38
157,Livingston,55.9029,-3.5226,51.48,93,75,12.66,GB,2022-10-07 04:45:38
158,Hamilton,39.1834,-84.5333,59.94,81,20,0.0,US,2022-10-07 04:45:36
159,Adrar,20.5022,-10.0711,82.9,25,3,1.95,MR,2022-10-07 04:45:39
160,Goderich,43.7501,-81.7165,56.91,82,100,14.97,CA,2022-10-07 04:45:39
161,Mount Isa,-20.7333,139.5,94.77,23,42,5.75,AU,2022-10-07 04:45:40
162,Havre-Saint-Pierre,50.2334,-63.5986,50.36,93,100,5.75,CA,2022-10-07 04:45:40
163,Bodden Town,19.2833,-81.25,82.92,76,59,13.8,KY,2022-10-07 04:45:41
164,Tuktoyaktuk,69.4541,-133.0374,39.2,87,20,10.36,CA,2022-10-07 04:45:41
165,Amapa,1.0,-52.0,69.91,91,23,1.45,BR,2022-10-07 04:45:42
166,Vao,-22.6667,167.4833,71.11,67,81,23.98,NC,2022-10-07 04:45:42
167,Japura,-0.3167,102.35,73.8,98,100,3.15,ID,2022-10-07 04:45:42
168,Sinop,41.7711,34.8709,48.63,83,88,3.18,TR,2022-10-07 04:45:43
169,Santa Cruz,-17.8,-63.1667,67.46,94,100,5.75,BO,2022-10-07 04:45:03
170,Hithadhoo,-0.6,73.0833,80.62,78,92,16.58,MV,2022-10-07 04:45:44
171,Dikson,73.5069,80.5464,33.37,98,100,20.96,RU,2022-10-07 04:45:44
172,Naranjal,-2.6667,-79.6167,71.42,92,99,4.12,EC,2022-10-07 04:45:45
173,Port Blair,11.6667,92.75,82.44,78,75,5.75,IN,2022-10-07 04:45:45
174,Saint George,37.1041,-113.5841,77.25,32,0,6.91,US,2022-10-07 04:45:46
175,Rio Cuarto,-33.1307,-64.3499,58.48,51,0,4.61,AR,2022-10-07 04:45:46
176,Chokurdakh,70.6333,147.9167,21.13,85,100,20.71,RU,2022-10-07 04:45:47
177,Iquique,-20.2208,-70.1431,59.04,73,20,0.98,CL,2022-10-07 04:45:47
178,Sibu,2.3,111.8167,82.71,78,40,5.01,MY,2022-10-07 04:45:47
179,Pak Phanang,8.3511,100.202,82.42,76,100,8.32,TH,2022-10-07 04:45:48
180,Cooper City,26.0573,-80.2717,79.02,77,0,5.75,US,2022-10-07 04:45:48
181,Waddan,29.1614,16.139,64.81,80,0,2.59,LY,2022-10-07 04:45:49
182,Kinablangan,7.6947,126.5503,85.87,68,99,6.76,PH,2022-10-07 04:45:49
183,La Cruz,23.9167,-106.9,76.66,80,0,5.95,MX,2022-10-07 04:45:50
184,Ixtapa,20.7,-105.2,73.85,91,26,2.62,MX,2022-10-07 04:45:50
185,Comodoro Rivadavia,-45.8667,-67.5,46.26,46,0,12.66,AR,2022-10-07 04:45:51
186,Souillac,-20.5167,57.5167,73.78,60,20,11.5,MU,2022-10-07 04:45:51
187,San Quintin,30.4833,-115.95,67.96,85,13,7.9,MX,2022-10-07 04:45:52
188,Grindavik,63.8424,-22.4338,41.47,75,75,14.97,IS,2022-10-07 04:45:52
189,Pemba,-12.974,40.5178,70.5,94,40,5.75,MZ,2022-10-07 04:45:52
190,Verkhnevilyuysk,63.4453,120.3167,26.2,61,88,8.19,RU,2022-10-07 04:45:53
191,Kontagora,10.3999,5.4695,72.75,92,100,4.38,NG,2022-10-07 04:45:53
192,Willowmore,-33.2926,23.4895,54.03,68,97,5.82,ZA,2022-10-07 04:45:54
193,Banda Aceh,5.5577,95.3222,77.29,85,100,9.37,ID,2022-10-07 04:45:54
194,Caucaia,-3.7361,-38.6531,79.03,78,20,6.91,BR,2022-10-07 04:45:54
195,Aripuana,-9.1667,-60.6333,80.67,51,91,1.77,BR,2022-10-07 04:45:55
196,Sao Mateus Do Maranhao,-4.0417,-44.475,75.04,82,53,5.77,BR,2022-10-07 04:43:24
197,Aswan,24.0934,32.907,83.5,36,0,6.91,EG,2022-10-07 04:45:56
198,Amazar,53.858,120.875,40.57,40,100,1.28,RU,2022-10-07 04:45:56
199,Chapais,49.7834,-74.8492,38.98,96,100,11.54,CA,2022-10-07 04:45:57
200,Saquarema,-22.92,-42.5103,69.66,96,78,10.76,BR,2022-10-07 04:45:57
201,Balkanabat,39.5108,54.3671,71.71,18,0,4.32,TM,2022-10-07 04:45:58
202,Urengoy,65.9667,78.3667,32.83,97,100,15.79,RU,2022-10-07 04:45:58
203,Gillette,44.2911,-105.5022,41.92,86,100,5.01,US,2022-10-07 04:45:59
204,Tual,-5.6667,132.75,82.71,76,93,16.46,ID,2022-10-07 04:45:59
205,Victoria,22.2855,114.1577,87.85,69,42,5.01,HK,2022-10-07 04:45:03
206,Pontiac,42.6389,-83.2911,56.41,80,100,17.27,US,2022-10-07 04:41:59
207,Safranbolu,41.2508,32.6942,51.24,87,46,2.66,TR,2022-10-07 04:46:00
208,Saskylakh,71.9167,114.0833,23.29,92,99,19.66,RU,2022-10-07 04:46:01
209,Tuatapere,-46.1333,167.6833,54.41,54,12,4.38,NZ,2022-10-07 04:46:02
210,Abengourou,6.7297,-3.4964,69.64,99,100,3.09,CI,2022-10-07 04:46:02
211,Mayya,61.7333,130.2811,31.32,50,40,10.07,RU,2022-10-07 04:46:03
212,Perelyub,51.8667,50.3667,47.46,74,8,7.02,RU,2022-10-07 04:46:03
213,Gangapur,26.4833,76.7167,75.67,86,100,6.98,IN,2022-10-07 04:46:04
214,Khagaul,25.5833,85.05,87.75,74,40,3.44,IN,2022-10-07 04:46:04
215,Nikolskoye,59.7035,30.7861,53.49,74,96,13.53,RU,2022-10-07 04:46:05
216,Nantucket,41.2835,-70.0995,61.0,95,100,3.44,US,2022-10-07 04:46:05
217,Goure,13.9835,10.2704,79.14,53,76,1.83,NE,2022-10-07 04:46:06
218,Yerbogachen,61.2767,108.0108,34.12,59,100,6.71,RU,2022-10-07 04:46:06
219,Shingu,33.7333,135.9833,69.85,91,100,4.27,JP,2022-10-07 04:46:07
220,Buraydah,26.326,43.975,68.45,11,0,1.92,SA,2022-10-07 04:42:34
221,Neiafu,-18.65,-173.9833,81.28,74,40,6.91,TO,2022-10-07 04:46:08
222,Butaritari,3.0707,172.7902,81.19,79,71,15.17,KI,2022-10-07 04:46:08
223,Galesburg,40.9478,-90.3712,51.78,80,0,6.91,US,2022-10-07 04:46:09
224,Sibolga,1.7427,98.7792,79.39,78,100,2.64,ID,2022-10-07 04:46:09
225,Itarema,-2.9248,-39.9167,77.58,82,9,13.31,BR,2022-10-07 04:46:10
226,Constantine,36.365,6.6147,58.41,94,0,2.3,DZ,2022-10-07 04:46:10
227,Varna,43.2167,27.9167,56.88,85,0,6.91,BG,2022-10-07 04:46:11
228,Togul,53.465,85.9128,44.62,70,82,7.87,RU,2022-10-07 04:46:11
229,Chilca,-12.5211,-76.7372,59.58,86,78,2.86,PE,2022-10-07 04:46:12
230,Aleksandrovsk-Sakhalinskiy,50.8975,142.1561,44.01,49,13,10.89,RU,2022-10-07 04:46:12
231,Kemijarvi,66.7131,27.4306,39.0,90,50,10.58,FI,2022-10-07 04:46:13
232,Saint-Joseph,-21.3667,55.6167,75.58,67,15,12.84,RE,2022-10-07 04:46:13
233,Saint-Pierre,-21.3393,55.4781,76.68,53,0,9.22,RE,2022-10-07 04:46:14
234,Pochutla,15.7432,-96.4661,75.81,88,23,3.96,MX,2022-10-07 04:46:14
235,Aras,42.5617,-2.356,50.41,87,0,2.3,ES,2022-10-07 04:46:15
236,Grand Gaube,-20.0064,57.6608,75.38,62,14,8.01,MU,2022-10-07 04:46:15
237,Waspan,14.7419,-83.9717,73.06,99,73,3.71,NI,2022-10-07 04:46:16
238,Kuah,6.3265,99.8432,78.78,94,20,5.75,MY,2022-10-07 04:46:16
239,Esperance,-33.8667,121.9,58.1,53,90,8.63,AU,2022-10-07 04:43:18
240,Primorsk,46.7348,36.3443,57.29,57,14,2.64,UA,2022-10-07 04:46:17
241,Sassandra,4.95,-6.0833,73.67,94,99,4.41,CI,2022-10-07 04:46:17
242,Kavieng,-2.5744,150.7967,85.41,62,92,13.0,PG,2022-10-07 04:46:18
243,Tezu,27.9167,96.1667,77.18,91,99,1.01,IN,2022-10-07 04:46:18
244,Svetlogorsk,52.6333,29.7333,44.69,94,0,6.73,BY,2022-10-07 04:46:18
245,Maragogi,-9.0122,-35.2225,74.23,89,21,3.8,BR,2022-10-07 04:46:19
246,Komsomolskiy,40.4272,71.7189,65.12,29,99,4.61,UZ,2022-10-07 04:46:19
247,Albanel,48.8832,-72.4487,48.34,93,100,8.05,CA,2022-10-07 04:46:20
248,Rio Gallegos,-51.6226,-69.2181,44.65,49,0,8.05,AR,2022-10-07 04:46:20
249,Aykhal,66.0,111.5,23.74,91,100,13.02,RU,2022-10-07 04:46:20
250,Tshikapa,-6.4167,20.8,69.15,91,98,2.59,CD,2022-10-07 04:46:21
251,Acapulco,16.8634,-99.8901,80.42,83,75,4.61,MX,2022-10-07 04:46:22
252,Beidao,34.5686,105.8933,61.97,53,100,2.95,CN,2022-10-07 04:46:22
253,Te Anau,-45.4167,167.7167,53.92,48,10,1.25,NZ,2022-10-07 04:46:23
254,Alice Springs,-23.7,133.8833,88.21,40,2,10.36,AU,2022-10-07 04:46:17
255,Russell,32.3502,-85.1999,60.4,93,0,0.0,US,2022-10-07 04:45:21
256,Barguzin,53.6167,109.6167,37.74,57,100,1.9,RU,2022-10-07 04:46:24
257,Ndele,8.4109,20.6473,69.44,96,100,2.33,CF,2022-10-07 04:46:24
258,Alofi,-19.0595,-169.9187,76.89,78,69,12.66,NU,2022-10-07 04:46:24
259,Kajiado,-1.8524,36.7768,59.04,78,88,8.46,KE,2022-10-07 04:46:25
260,Kenora,49.8167,-94.4337,36.57,60,100,3.44,CA,2022-10-07 04:46:25
261,Tomatlan,19.9333,-105.25,73.72,94,7,2.82,MX,2022-10-07 04:46:26
262,Dingle,10.9995,122.6711,87.75,69,64,7.05,PH,2022-10-07 04:46:27
263,Lugovoy,42.9472,72.7644,65.73,29,7,3.06,KZ,2022-10-07 04:46:27
264,Vardo,70.3705,31.1107,42.78,81,40,13.8,NO,2022-10-07 04:43:10
265,Oskarshamn,57.2645,16.4484,51.98,71,100,13.09,SE,2022-10-07 04:46:28
266,Murygino,58.7383,49.4582,42.76,91,81,9.98,RU,2022-10-07 04:46:28
267,Burnie,-41.0667,145.9167,57.94,81,95,12.15,AU,2022-10-07 04:46:29
268,Kabompo,-13.5927,24.2008,65.35,31,83,4.05,ZM,2022-10-07 04:46:29
269,Oneida,43.2001,-75.4663,58.95,97,100,4.61,US,2022-10-07 04:46:30
270,Kaeo,-35.1,173.7833,56.8,59,79,4.68,NZ,2022-10-07 04:46:30
271,Hami,42.8,93.45,63.59,18,1,4.07,CN,2022-10-07 04:46:31
272,Macapa,0.0389,-51.0664,80.58,83,20,4.61,BR,2022-10-07 04:46:31
273,Lompoc,34.6391,-120.4579,59.14,96,100,0.0,US,2022-10-07 04:46:31
274,Codrington,-38.2667,141.9667,59.16,69,29,20.94,AU,2022-10-07 04:46:32
275,Pangai,-19.8,-174.35,80.71,65,40,13.8,TO,2022-10-07 04:46:32
276,Iquitos,-3.7481,-73.2472,75.24,88,78,1.14,PE,2022-10-07 04:45:02
277,Basoko,1.2391,23.616,71.82,91,100,1.45,CD,2022-10-07 04:46:33
278,Ilulissat,69.2167,-51.1,30.22,93,100,2.3,GL,2022-10-07 04:46:33
279,Sorrento,40.626,14.3744,70.11,87,0,4.0,IT,2022-10-07 04:45:18
280,Chuy,-33.6971,-53.4616,55.92,93,100,12.68,UY,2022-10-07 04:46:34
281,Venice,27.0998,-82.4543,73.98,82,4,1.99,US,2022-10-07 04:46:35
282,Khatanga,71.9667,102.5,23.25,94,100,14.81,RU,2022-10-07 04:46:35
283,Asau,46.4333,26.4,51.28,78,100,4.34,RO,2022-10-07 04:46:36
284,Tingo Maria,-9.2895,-76.0088,67.89,97,90,2.35,PE,2022-10-07 04:46:36
285,Camopi,3.1655,-52.3158,70.7,92,80,1.61,GF,2022-10-07 04:46:37
286,Husavik,66.0449,-17.3389,36.99,98,100,10.92,IS,2022-10-07 04:46:37
287,Sechura,-5.5569,-80.8222,62.62,83,6,8.52,PE,2022-10-07 04:46:38
288,Tabou,4.423,-7.3528,74.86,91,97,5.37,CI,2022-10-07 04:46:38
289,Gualeguay,-33.1416,-59.3097,53.15,71,17,7.16,AR,2022-10-07 04:46:38
290,Coihaique,-45.5752,-72.0662,39.81,87,100,1.14,CL,2022-10-07 04:46:39
291,Teofilo Otoni,-17.8575,-41.5053,68.18,81,99,2.75,BR,2022-10-07 04:46:39
292,Hasaki,35.7333,140.8333,57.6,92,100,24.49,JP,2022-10-07 04:46:40
293,East London,-33.0153,27.9116,61.74,72,20,10.36,ZA,2022-10-07 04:43:11
294,Mandera,3.9366,41.867,78.58,63,78,15.23,KE,2022-10-07 04:46:40
295,Mercedes,-34.6515,-59.4307,56.79,50,2,7.02,AR,2022-10-07 04:46:41
296,Kamenka,51.3223,42.7678,51.04,77,46,8.86,RU,2022-10-07 04:46:41
297,Kilindoni,-7.9139,39.6668,76.91,75,56,11.21,TZ,2022-10-07 04:46:42
298,Alta Floresta,-9.8756,-56.0861,75.29,56,45,2.59,BR,2022-10-07 04:46:42
299,Gorontalo,0.5412,123.0595,86.29,72,97,5.23,ID,2022-10-07 04:46:43
300,Vila Franca Do Campo,37.7167,-25.4333,67.19,86,41,3.8,PT,2022-10-07 04:46:43
301,Oum Hadjer,13.2954,19.6966,79.3,62,80,6.33,TD,2022-10-07 04:46:44
302,Namibe,-15.1961,12.1522,63.28,85,88,7.45,AO,2022-10-07 04:46:44
303,Arlit,18.7369,7.3853,84.29,24,76,12.17,NE,2022-10-07 04:46:44
304,Monrovia,6.3005,-10.7969,75.52,88,100,2.93,LR,2022-10-07 04:46:45
305,Troitsko-Pechorsk,62.7084,56.1964,42.78,93,100,7.78,RU,2022-10-07 04:46:45
306,Takoradi,4.8845,-1.7554,74.53,93,51,6.69,GH,2022-10-07 04:46:46
307,Tura,25.5198,90.2201,82.85,72,31,4.34,IN,2022-10-07 04:46:46
308,Tangjiazhuang,39.7333,118.45,65.93,34,0,9.69,CN,2022-10-07 04:46:47
309,Los Llanos De Aridane,28.6585,-17.9182,69.55,73,20,20.71,ES,2022-10-07 04:46:48
310,Opuwo,-18.0607,13.84,69.69,20,4,4.34,NA,2022-10-07 04:46:48
311,Osmaniye,37.0742,36.2478,72.79,66,0,1.19,TR,2022-10-07 04:46:49
312,Micheweni,-4.9667,39.8333,76.3,79,51,11.34,TZ,2022-10-07 04:46:49
313,San Miguel,13.4833,-88.1833,80.26,100,0,4.61,SV,2022-10-07 04:45:58
314,Manono,-7.3,27.4167,75.7,40,16,3.06,CD,2022-10-07 04:46:50
315,Bakel,14.905,-12.4568,83.66,64,18,4.36,SN,2022-10-07 04:46:50
316,Mangrol,21.1167,70.1167,84.38,66,82,9.42,IN,2022-10-07 04:46:51
317,Geraldton,-28.7667,114.6,70.21,43,1,13.8,AU,2022-10-07 04:43:20
318,Zarubino,42.63,131.0922,53.22,37,14,12.24,RU,2022-10-07 04:46:51
319,Pacific Grove,36.6177,-121.9166,59.02,92,100,8.01,US,2022-10-07 04:46:32
320,Pevek,69.7008,170.3133,28.22,69,100,28.7,RU,2022-10-07 04:46:52
321,Bashtanka,47.4072,32.4387,52.81,78,97,7.02,UA,2022-10-07 04:46:52
322,Kavaratti,10.5669,72.642,81.36,73,69,12.17,IN,2022-10-07 04:46:53
323,Plettenberg Bay,-34.0527,23.3716,58.48,77,78,5.39,ZA,2022-10-07 04:46:53
324,Sakakah,29.9697,40.2064,72.97,22,0,2.91,SA,2022-10-07 04:46:32
325,Kupang,-10.1667,123.5833,95.58,49,20,17.27,ID,2022-10-07 04:46:54
326,Derzhavinsk,51.1,66.3167,57.58,24,100,13.0,KZ,2022-10-07 04:46:54
327,Cockburn Town,21.4612,-71.1419,82.99,72,76,14.36,TC,2022-10-07 04:42:51
328,Padang,-0.9492,100.3543,82.45,80,100,0.72,ID,2022-10-07 04:46:55
329,Kismayo,-0.3582,42.5454,79.47,72,94,15.55,SO,2022-10-07 04:46:55
330,Tiksi,71.6872,128.8694,20.75,88,100,32.37,RU,2022-10-07 04:46:56
331,Porto Walter,-8.2686,-72.7439,73.09,94,43,1.3,BR,2022-10-07 04:46:56
332,Rawson,-43.3002,-65.1023,53.01,56,82,8.32,AR,2022-10-07 04:46:57
333,Airai,-8.9266,125.4092,77.95,46,43,4.74,TL,2022-10-07 04:46:57
334,Sola,-13.8833,167.55,80.44,74,13,8.14,VU,2022-10-07 04:46:58
335,North Bend,43.4065,-124.2243,58.24,97,100,5.75,US,2022-10-07 04:45:16
336,Lagoa,39.05,-27.9833,70.18,87,76,10.56,PT,2022-10-07 04:46:58
337,Santa Isabel Do Rio Negro,-0.4139,-65.0192,76.44,78,28,2.59,BR,2022-10-07 04:46:59
338,Mkushi,-13.6202,29.3939,68.27,32,8,6.85,ZM,2022-10-07 04:46:59
339,Sambava,-14.2667,50.1667,73.94,61,1,13.02,MG,2022-10-07 04:47:00
340,La Asuncion,11.0333,-63.8628,80.33,94,100,14.97,VE,2022-10-07 04:47:00
341,Aquiraz,-3.9014,-38.3911,79.18,84,25,10.56,BR,2022-10-07 04:47:01
342,Anadyr,64.75,177.4833,34.3,55,20,20.13,RU,2022-10-07 04:47:01
343,Zabid,14.1951,43.3152,87.22,65,66,2.77,YE,2022-10-07 04:42:56
344,Banjar,-8.19,114.9675,84.97,78,95,0.76,ID,2022-10-07 04:47:02
345,Malartic,48.1335,-78.1328,39.31,98,100,11.86,CA,2022-10-07 04:43:12
346,Kruisfontein,-34.0033,24.7314,56.88,76,50,7.61,ZA,2022-10-07 04:47:02
347,Chitipa,-9.7024,33.2697,66.22,48,2,7.14,MW,2022-10-07 04:47:03
348,Narsaq,60.9167,-46.05,34.02,77,100,7.34,GL,2022-10-07 04:47:04
349,Valdivia,-39.8142,-73.2459,55.49,99,100,6.4,CL,2022-10-07 04:42:20
350,Acari,-15.4311,-74.6158,62.74,77,23,2.68,PE,2022-10-07 04:47:04
351,Vila Velha,-20.3297,-40.2925,75.15,88,40,8.05,BR,2022-10-07 04:47:05
352,Taiyuan,37.8694,112.5603,51.66,66,1,6.71,CN,2022-10-07 04:47:05
353,Hobyo,5.3505,48.5268,79.68,76,69,16.42,SO,2022-10-07 04:47:06
354,Half Moon Bay,37.4636,-122.4286,66.11,89,100,13.8,US,2022-10-07 04:47:06
355,Salvador,13.8333,-88.9167,72.0,96,73,3.44,SV,2022-10-07 04:42:40
356,Tekeli,44.83,78.8239,64.18,20,6,4.83,KZ,2022-10-07 04:47:07
357,Sept-Iles,50.2001,-66.3821,53.06,77,100,11.5,CA,2022-10-07 04:47:07
358,Vostok,46.4856,135.8833,42.73,37,69,9.33,RU,2022-10-07 04:47:08
359,San Cristobal,7.7669,-72.225,68.18,98,100,1.9,VE,2022-10-07 04:47:08
360,Ostrovnoy,68.0531,39.5131,40.78,92,63,13.67,RU,2022-10-07 04:47:08
361,Enumclaw,47.2043,-121.9915,63.48,88,100,3.33,US,2022-10-07 04:44:15
362,Mahibadhoo,3.7833,72.9667,82.2,73,49,17.58,MV,2022-10-07 04:47:09
363,Deputatskiy,69.3,139.9,14.88,86,98,26.04,RU,2022-10-07 04:47:09
364,Portachuelo,-17.35,-63.4,68.9,93,88,7.78,BO,2022-10-07 04:47:10
365,Pergamino,-33.89,-60.5736,53.19,64,1,1.99,AR,2022-10-07 04:47:10
366,Naze,28.3667,129.4833,76.12,75,100,15.97,JP,2022-10-07 04:47:11
367,Yuzhnyy,53.2542,83.6936,41.38,70,0,11.18,RU,2022-10-07 04:47:11
368,Peniche,39.3558,-9.3811,58.28,96,9,7.49,PT,2022-10-07 04:47:12
369,Bireun,5.203,96.7009,77.2,89,100,2.86,ID,2022-10-07 04:47:12
370,Longyearbyen,78.2186,15.6401,42.64,65,100,23.02,SJ,2022-10-07 04:47:13
371,Luanda,-8.8368,13.2343,75.2,83,75,4.61,AO,2022-10-07 04:42:45
372,Eyl,7.9803,49.8164,81.79,64,51,15.86,SO,2022-10-07 04:47:13
373,Ugoofaaru,5.6667,73.0,81.86,75,75,16.93,MV,2022-10-07 04:47:14
374,Omboue,-1.5746,9.2618,75.49,87,100,5.44,GA,2022-10-07 04:47:14
375,Sitka,57.0531,-135.33,57.09,88,40,4.61,US,2022-10-07 04:46:33
376,Udachnyy,66.4167,112.4,28.45,63,100,10.63,RU,2022-10-07 04:47:15
377,Sinegorye,62.0788,150.477,21.56,88,100,3.2,RU,2022-10-07 04:47:15
378,Selenduma,50.9131,106.2406,43.2,38,90,15.26,RU,2022-10-07 04:47:16
379,Rocha,-34.4833,-54.3333,55.63,96,100,13.49,UY,2022-10-07 04:43:26
380,Mehamn,71.0357,27.8492,44.55,87,75,29.93,NO,2022-10-07 04:47:17
381,Kumta,14.4167,74.4,78.57,85,100,3.47,IN,2022-10-07 04:47:17
382,Sozimskiy,59.7418,52.2482,43.25,91,78,9.24,RU,2022-10-07 04:47:17
383,Samarai,-10.6167,150.6667,83.01,76,74,12.8,PG,2022-10-07 04:47:18
384,Karratha,-20.7377,116.8463,89.08,29,22,13.51,AU,2022-10-07 04:43:18
385,Hovd,48.0056,91.6419,39.0,43,84,9.78,MN,2022-10-07 04:47:19
386,Estevan,49.1334,-102.9842,26.94,47,0,6.89,CA,2022-10-07 04:45:16
387,Homer,59.6425,-151.5483,53.8,65,0,10.0,US,2022-10-07 04:47:19
388,Miri,4.4148,114.0089,86.14,74,40,6.91,MY,2022-10-07 04:47:20
389,Bubaque,11.2833,-15.8333,80.67,72,4,6.29,GW,2022-10-07 04:47:20
390,Bang Saphan,11.2126,99.5117,79.92,86,100,6.17,TH,2022-10-07 04:47:21
391,Bathsheba,13.2167,-59.5167,81.21,83,20,11.5,BB,2022-10-07 04:47:21
392,Srednekolymsk,67.45,153.6833,24.96,80,80,11.41,RU,2022-10-07 04:47:22
393,Florianopolis,-27.6146,-48.5012,66.42,97,100,10.36,BR,2022-10-07 04:47:22
394,Luang Prabang,19.8856,102.1347,84.16,74,40,4.61,LA,2022-10-07 04:47:23
395,Irugur,11.0167,77.0667,82.63,57,20,5.75,IN,2022-10-07 04:47:23
396,Berezovyy,51.6667,135.7,45.72,36,81,9.06,RU,2022-10-07 04:47:24
397,Lagos,6.5833,3.75,77.32,98,100,3.65,NG,2022-10-07 04:47:24
398,Oranjestad,12.524,-70.027,79.92,91,75,19.57,AW,2022-10-07 04:47:24
399,Broome,42.2506,-75.833,60.53,82,100,6.91,US,2022-10-07 04:47:25
400,Nouadhibou,20.931,-17.0347,73.38,68,55,18.41,MR,2022-10-07 04:47:25
401,Panguna,-6.3164,155.4848,77.94,66,93,1.77,PG,2022-10-07 04:47:26
402,Bilma,18.6853,12.9164,79.25,27,53,14.03,NE,2022-10-07 04:47:27
403,Ahipara,-35.1667,173.1667,56.25,61,57,7.34,NZ,2022-10-07 04:47:27
404,Monastyrshchina,54.3496,31.838,45.68,92,20,12.21,RU,2022-10-07 04:47:27
405,Ausa,41.9271,2.2497,62.38,88,38,2.19,ES,2022-10-07 04:47:28
406,Anchorage,61.2181,-149.9003,55.72,60,0,17.27,US,2022-10-07 04:44:51
407,Taujica,15.7,-85.9167,71.74,99,95,1.43,HN,2022-10-07 04:47:29
408,Nivala,63.9167,24.9667,43.68,83,91,11.32,FI,2022-10-07 04:47:29
409,Kajaani,64.2273,27.7285,42.85,93,0,9.22,FI,2022-10-07 04:47:29
410,Khasan,42.4308,130.6434,54.05,37,26,9.51,RU,2022-10-07 04:47:30
411,Turkistan,43.0,68.0,66.54,23,1,2.51,KZ,2022-10-07 04:47:30
412,Flinders,-34.5833,150.8552,68.18,85,100,4.0,AU,2022-10-07 04:47:31
413,Borodino,55.9106,94.8983,36.59,70,95,6.8,RU,2022-10-07 04:47:31
414,Sijunjung,-0.6876,100.9537,78.98,80,99,1.52,ID,2022-10-07 04:47:32
415,Borda Da Mata,-22.2742,-46.1653,65.26,95,100,1.19,BR,2022-10-07 04:47:32
416,Saint Simons,31.1352,-81.3901,66.24,95,0,0.0,US,2022-10-07 04:45:35
417,Winnemucca,40.973,-117.7357,55.45,26,0,8.05,US,2022-10-07 04:46:55
418,Saint-Francois,46.4154,3.9054,46.67,100,100,0.0,FR,2022-10-07 04:43:15
419,Gudibanda,13.6694,77.6983,75.97,69,60,7.2,IN,2022-10-07 04:47:33
420,Rosario,-32.9468,-60.6393,58.98,69,0,5.75,AR,2022-10-07 04:47:34
421,Altamont,42.2068,-121.7372,54.99,54,0,1.01,US,2022-10-07 04:47:34
422,Creel,27.75,-107.6333,45.88,88,71,4.85,MX,2022-10-07 04:47:34
423,Esmeraldas,-19.7625,-44.3139,74.26,92,91,2.8,BR,2022-10-07 04:47:35
424,Wattegama,6.7989,81.4808,90.72,43,98,3.65,LK,2022-10-07 04:47:35
425,Provideniya,64.3833,-173.3,41.36,87,100,25.01,RU,2022-10-07 04:47:36
426,Kapit,2.0167,112.9333,88.38,65,100,2.04,MY,2022-10-07 04:47:36
427,Santa Rita,-7.1139,-34.9781,75.87,100,75,3.44,BR,2022-10-07 04:47:37
428,Altamira,-3.2033,-52.2064,72.86,86,99,5.03,BR,2022-10-07 04:47:37
429,Mabaruma,8.2,-59.7833,74.7,97,90,2.86,GY,2022-10-07 04:47:37
430,Devils Lake,48.1128,-98.8651,32.11,78,0,3.44,US,2022-10-07 04:43:25
431,Atambua,-9.1061,124.8925,86.92,52,16,0.49,ID,2022-10-07 04:47:38
432,Carmen,18.6333,-91.8333,79.66,75,100,12.03,MX,2022-10-07 04:47:39
433,Usevya,-7.1,31.2333,72.81,42,33,11.32,TZ,2022-10-07 04:47:39
434,Iwanai,42.9744,140.5089,52.81,51,100,3.83,JP,2022-10-07 04:47:40
435,Tarrega,41.647,1.1396,61.14,83,87,4.14,ES,2022-10-07 04:47:40
436,Xining,36.6167,101.7667,52.5,50,77,3.8,CN,2022-10-07 04:47:41
437,Pangody,65.85,74.4859,35.74,97,100,15.1,RU,2022-10-07 04:47:41
438,Churapcha,62.0025,132.4325,29.89,45,99,8.37,RU,2022-10-07 04:47:42
439,Owando,-0.4819,15.8999,69.26,98,100,1.83,CG,2022-10-07 04:47:42
440,Santa Lucia,27.9117,-15.5407,63.72,78,20,19.57,ES,2022-10-07 04:47:43
441,Camacha,33.0833,-16.3333,67.42,78,40,16.11,PT,2022-10-07 04:47:43
442,Sovetskiy,61.3614,63.5842,43.12,97,100,3.65,RU,2022-10-07 04:47:43
443,Fortuna,40.5982,-124.1573,56.35,85,93,3.91,US,2022-10-07 04:47:44
444,Mabamba,-3.5983,30.5019,70.27,37,76,2.33,TZ,2022-10-07 04:47:44
445,Nikolsk,53.7189,46.0712,47.21,86,90,10.67,RU,2022-10-07 04:47:45
446,Saint Anthony,45.0205,-93.218,46.65,81,100,11.5,US,2022-10-07 04:47:45
447,Quang Ngai,15.1167,108.8,86.92,65,49,8.66,VN,2022-10-07 04:47:46
448,Kysyl-Syr,63.8986,122.7617,26.42,57,93,9.46,RU,2022-10-07 04:47:46
449,Polewali,-3.4324,119.3435,86.79,68,61,3.42,ID,2022-10-07 04:47:47
450,Nishihara,26.1842,127.7558,83.86,74,75,21.85,JP,2022-10-07 04:47:47
451,Port Lincoln,-34.7333,135.8667,57.69,56,97,19.33,AU,2022-10-07 04:45:17
452,Omsukchan,62.5333,155.8,19.17,91,100,3.6,RU,2022-10-07 04:47:48
453,Nyandoma,61.669,40.1991,45.61,88,80,11.03,RU,2022-10-07 04:47:48
454,Sosnovo-Ozerskoye,52.5249,111.5418,34.57,38,100,5.06,RU,2022-10-07 04:47:49
455,Taltal,-25.4,-70.4833,62.6,53,0,1.83,CL,2022-10-07 04:47:49
456,Lira,2.235,32.9097,68.05,89,97,3.15,UG,2022-10-07 04:47:50
457,Poltavka,54.3663,71.7632,56.16,41,100,11.3,RU,2022-10-07 04:47:50
458,Paamiut,61.994,-49.6678,32.92,73,100,3.83,GL,2022-10-07 04:47:50
459,Lingao,19.9103,109.6859,81.14,82,97,13.42,CN,2022-10-07 04:47:51
460,Klaksvik,62.2266,-6.589,43.72,77,88,12.57,FO,2022-10-07 04:47:51
461,Nalut,30.3333,10.85,62.87,72,0,12.71,LY,2022-10-07 04:47:52
462,Nola,40.922,14.5329,69.4,75,100,2.93,IT,2022-10-07 04:47:52
463,Comisani,44.8833,25.5833,51.31,99,100,3.67,RO,2022-10-07 04:47:53
464,Poum,-20.2333,164.0167,75.87,71,1,13.38,NC,2022-10-07 04:47:53
465,Balakhta,55.38,91.6,34.61,75,100,4.74,RU,2022-10-07 04:47:54
466,San Vicente,-26.6167,-54.1333,53.1,99,100,5.1,AR,2022-10-07 04:47:54
467,Maralal,1.0968,36.698,61.7,71,40,5.44,KE,2022-10-07 04:47:54
468,Voh,-20.9667,164.7,78.78,62,57,8.43,NC,2022-10-07 04:47:55
469,Teya,60.3778,92.6267,35.85,75,97,6.13,RU,2022-10-07 04:47:55
470,Sao Filipe,14.8961,-24.4956,78.64,84,49,4.74,CV,2022-10-07 04:43:09
471,Kodinsk,58.6881,99.1844,38.53,66,26,5.1,RU,2022-10-07 04:47:56
472,Lorengau,-2.0226,147.2712,83.95,73,99,9.89,PG,2022-10-07 04:47:56
473,Vanavara,60.34,102.2797,37.71,64,24,4.65,RU,2022-10-07 04:47:57
474,Pandan Niog,6.2282,120.5631,84.07,72,96,5.93,PH,2022-10-07 04:47:57
475,Perm,58.0174,56.2855,45.86,93,75,8.95,RU,2022-10-07 04:47:58
476,Qaqortoq,60.7167,-46.0333,33.42,81,100,6.8,GL,2022-10-07 04:47:58
477,Espinosa,-14.9261,-42.8192,72.46,65,35,5.12,BR,2022-10-07 04:47:58
478,Shimoda,34.6667,138.95,57.56,92,100,16.26,JP,2022-10-07 04:47:59
479,Kota Belud,6.351,116.4305,84.22,76,85,5.91,MY,2022-10-07 04:47:59
480,Uvira,-3.4067,29.1458,77.59,61,63,1.41,CD,2022-10-07 04:48:00
481,Bud,39.447,-86.1758,61.92,80,8,11.41,US,2022-10-07 04:48:00
482,Zhigansk,66.7697,123.3711,23.72,70,99,10.25,RU,2022-10-07 04:48:01
483,Joao Pinheiro,-17.7425,-46.1725,74.75,65,94,1.5,BR,2022-10-07 04:43:25
484,Vanersborg,58.3807,12.3234,56.57,88,100,17.27,SE,2022-10-07 04:48:02
485,Prieska,-29.6641,22.7474,60.94,36,88,8.1,ZA,2022-10-07 04:48:02
486,Whitehorse,60.7161,-135.0538,52.57,50,100,10.36,CA,2022-10-07 04:48:03
487,Alexandria,31.2156,29.9553,64.94,49,0,9.95,EG,2022-10-07 04:45:52
488,Jinchang,38.4953,102.1739,60.48,25,31,10.11,CN,2022-10-07 04:48:03
489,Shizunai,42.3339,142.3669,53.15,48,100,2.42,JP,2022-10-07 04:48:04
490,Key West,24.5557,-81.7826,82.4,79,0,12.66,US,2022-10-07 04:48:04
491,Harper,4.375,-7.7169,75.34,89,98,5.68,LR,2022-10-07 04:48:05
492,Sid,45.1283,19.2264,50.68,65,100,1.28,RS,2022-10-07 04:48:05
493,Abu Kamal,34.4506,40.9171,81.54,24,59,8.97,SY,2022-10-07 04:48:06
494,Vilhena,-12.7406,-60.1458,73.04,77,100,1.99,BR,2022-10-07 04:48:06
495,Kangaatsiaq,68.3065,-53.4641,30.07,84,100,9.24,GL,2022-10-07 04:48:07
496,Gamba,-2.65,10.0,75.33,85,100,3.2,GA,2022-10-07 04:47:54
497,Lubango,-14.9172,13.4925,61.11,52,45,3.04,AO,2022-10-07 04:48:07
498,Santander,43.4647,-3.8044,61.72,98,75,1.99,ES,2022-10-07 04:48:08
499,Sikeston,36.8767,-89.5879,64.29,77,0,0.0,US,2022-10-07 04:48:08
500,Port Macquarie,-31.4333,152.9167,69.89,78,100,18.32,AU,2022-10-07 04:46:30
501,Bousso,10.4795,16.7117,72.5,87,100,1.9,TD,2022-10-07 04:48:09
502,Craig,40.5153,-107.5464,51.42,70,0,0.0,US,2022-10-07 04:43:14
503,Worland,44.0169,-107.9554,54.68,73,100,9.22,US,2022-10-07 04:46:18
504,Wajir,1.7471,40.0573,75.16,73,75,11.5,KE,2022-10-07 04:48:10
505,Walvis Bay,-22.9575,14.5053,49.15,93,100,3.44,NA,2022-10-07 04:45:03
506,Teguise,29.0605,-13.564,68.22,83,0,21.85,ES,2022-10-07 04:48:11
507,Zharkent,44.1628,80.0,67.62,24,0,3.31,KZ,2022-10-07 04:48:11
508,Chumikan,54.7183,135.315,41.16,48,100,13.85,RU,2022-10-07 04:48:12
509,Oktyabrskoye,43.0645,44.7417,53.74,93,99,4.47,RU,2022-10-07 04:48:12
510,Puerto Narino,-3.7703,-70.3831,75.72,81,74,2.98,CO,2022-10-07 04:48:12
511,Port Hardy,50.6996,-127.4199,50.18,100,100,3.44,CA,2022-10-07 04:45:17
512,Mahishadal,22.1833,87.9833,85.6,72,22,3.15,IN,2022-10-07 04:46:18
513,Mount Gambier,-37.8333,140.7667,55.31,67,75,18.41,AU,2022-10-07 04:48:13
514,Chifeng,42.2683,118.9636,61.84,13,19,11.34,CN,2022-10-07 04:48:14
515,Benguela,-12.5763,13.4055,70.27,85,36,1.34,AO,2022-10-07 04:48:14
516,Dauphin,51.1494,-100.0502,24.94,86,0,4.61,CA,2022-10-07 04:48:15
517,Rundu,-17.9333,19.7667,68.52,19,13,4.05,NA,2022-10-07 04:48:15
518,Balabac,7.9868,117.0645,83.52,75,100,8.68,PH,2022-10-07 04:48:16
519,Oistins,13.0667,-59.5333,80.69,83,20,11.5,BB,2022-10-07 04:48:16
520,Magdalena,14.1999,121.429,87.58,64,98,9.19,PH,2022-10-07 04:48:17
521,Wad Rawah,15.1603,33.1397,85.33,44,41,13.67,SD,2022-10-07 04:48:17
522,Covilha,40.286,-7.504,64.29,62,65,1.99,PT,2022-10-07 04:48:18
523,Zemio,5.0314,25.1361,69.35,96,100,1.25,CF,2022-10-07 04:48:18
524,Hazorasp,41.3194,61.0742,60.64,13,41,0.25,UZ,2022-10-07 04:48:18
525,Sayyan,15.1718,44.3244,62.29,27,60,7.09,YE,2022-10-07 04:48:19
526,Dzaoudzi,-12.7887,45.2699,80.49,74,75,9.22,YT,2022-10-07 04:48:20
527,Mancio Lima,-7.6142,-72.8958,72.91,89,80,0.65,BR,2022-10-07 04:48:20
528,Karasburg,-28.0167,18.75,52.43,43,12,6.42,NA,2022-10-07 04:48:21
529,Colesberg,-30.72,25.0972,51.87,63,100,15.41,ZA,2022-10-07 04:48:21
530,Russkaya Polyana,49.417,31.9201,51.3,93,46,6.6,UA,2022-10-07 04:48:22
531,College,64.8569,-147.8028,52.81,71,75,0.0,US,2022-10-07 04:43:13
532,Berdigestyakh,62.0989,126.6992,25.45,67,100,10.29,RU,2022-10-07 04:48:22
533,Arman,59.7,150.1667,35.02,46,93,5.17,RU,2022-10-07 04:48:23
534,Dibulla,11.2725,-73.3091,74.71,90,99,4.21,CO,2022-10-07 04:48:23
535,Porto Da Folha,-9.9172,-37.2783,70.75,98,28,4.38,BR,2022-10-07 04:48:24
536,Burgeo,47.6167,-57.6152,54.79,82,100,6.58,CA,2022-10-07 04:45:15
537,Evensk,61.95,159.2333,29.79,58,100,6.51,RU,2022-10-07 04:48:24
538,Awbari,26.5921,12.7805,64.56,69,2,8.61,LY,2022-10-07 04:48:25
539,Marzanesti,43.9333,25.4667,54.88,55,100,3.96,RO,2022-10-07 04:48:25
540,Ulaanbaatar,47.9077,106.8832,37.53,35,75,2.24,MN,2022-10-07 04:45:50
541,Santa Maria,-29.6842,-53.8069,54.39,94,100,12.77,BR,2022-10-07 04:48:26
542,Verkhnyaya Inta,65.9811,60.3094,41.72,90,100,6.67,RU,2022-10-07 04:48:26
543,Richards Bay,-28.783,32.0377,69.37,78,99,15.48,ZA,2022-10-07 04:48:27
544,Fiumicino,41.7675,12.2291,64.63,89,0,3.44,IT,2022-10-07 04:48:27
545,Bambous Virieux,-20.3428,57.7575,75.22,60,20,11.5,MU,2022-10-07 04:48:28
546,Kieta,-6.2167,155.6333,83.86,65,97,4.47,PG,2022-10-07 04:48:28
547,Teeli,51.0333,90.2333,39.61,48,9,3.76,RU,2022-10-07 04:48:29
548,Robertsonpet,12.9667,78.2833,77.07,65,96,6.58,IN,2022-10-07 04:48:29
549,Armizonskoye,55.9461,67.6736,51.46,32,100,10.04,RU,2022-10-07 04:48:30
550,Ende,-8.8432,121.6623,85.12,75,83,4.99,ID,2022-10-07 04:48:30
551,Touros,-5.1989,-35.4608,75.96,87,23,10.56,BR,2022-10-07 04:48:30
552,Fort Nelson,58.8053,-122.7002,47.79,76,40,2.3,CA,2022-10-07 04:48:31
553,Oranjemund,-28.55,16.4333,55.92,75,2,9.33,NA,2022-10-07 04:48:31
554,Ramkola,26.9042,83.8411,82.33,79,70,6.89,IN,2022-10-07 04:48:32
555,Gizo,-8.103,156.8419,83.95,67,83,1.97,SB,2022-10-07 04:48:32
556,San Nicolas,18.1725,120.5953,89.51,62,20,6.91,PH,2022-10-07 04:48:33
557,Lazarev,52.225,141.5131,43.68,37,6,4.36,RU,2022-10-07 04:48:33
558,Camargo,27.6667,-105.1667,64.22,74,95,9.24,MX,2022-10-07 04:48:33
559,Riverton,40.5219,-111.9391,64.35,41,0,5.01,US,2022-10-07 04:43:37
560,Nome,64.5011,-165.4064,44.67,71,100,24.16,US,2022-10-07 04:46:38
561,Khandbari,27.3747,87.2039,78.06,69,30,3.31,NP,2022-10-07 04:48:34
562,Passos,-20.7189,-46.6097,68.65,85,99,3.13,BR,2022-10-07 04:48:35
563,Ust-Nera,64.5667,143.2,16.93,79,45,4.21,RU,2022-10-07 04:48:35
564,Angoche,-16.2325,39.9086,76.93,65,0,4.99,MZ,2022-10-07 04:48:35
565,Puerto Escondido,15.85,-97.0667,78.57,82,11,4.0,MX,2022-10-07 04:47:58
566,Alyangula,-13.8483,136.4192,86.05,63,28,11.41,AU,2022-10-07 04:48:36
567,Osa,57.2829,55.4567,44.26,95,100,6.51,RU,2022-10-07 04:48:37
